fold,hamming_loss,acc,prec,rec,f1
0,1.7695592041821042,0.16144372070763535,0.11121323529411764,0.16144372070763535,0.13170159867625478
average,1.77±0.0,0.161±0.0,0.111±0.0,0.161±0.0,0.132±0.0
