fold,hamming_loss,acc,prec,rec,f1
0,1.7987259440176295,0.16168252206856673,0.11230388109000826,0.16168252206856673,0.13254361912413518
average,1.799±0.0,0.162±0.0,0.112±0.0,0.162±0.0,0.133±0.0
